model,accuracy,precision,recall,f1
KNN,0.7391304347826086,0.7146341463414633,0.48693910256410255,0.5266869609335363
NaiveBayes,0.4673913043478261,0.30952380952380953,0.3022702991452992,0.29443266171792154
DecisionTree,0.782608695652174,0.7631578947368421,0.6030982905982906,0.652864044168392
SVM,0.6956521739130435,0.2318840579710145,0.3333333333333333,0.2735042735042735
NeuralNet,0.6630434782608695,0.47901234567901235,0.39260149572649566,0.39963510308337896
